,PMI_female,Senses,Sentis
chairwoman,1.793791277,Profession,0
pantsuit,1.779888372,Clothing,0
matriarch,1.723798905,Family,0
facelift,1.685577693,Body,0
menopausal,1.685577693,Attribute,-1
harpy,1.685577693,Label,-1
scarf,1.667559187,Clothing,0
clitoris,1.636787528,Body,0
clit,1.636787528,Body,-1
brunette,1.636787528,Body,0
wench,1.636787528,Label,-1
hind,1.606934565,Body,-1
childless,1.600419884,Family,0
skank,1.582720307,Label,-1
misandrist,1.582720307,Attribute,-1
hubby,1.579629115,Family,0
cheekbone,1.572249007,Body,0
boogeywoman,1.572249007,Label,-1
btch,1.572249007,Label,-1
brooch,1.572249007,Clothing,0
nosedive,1.572249007,Other,-1
driven,1.572249007,Attribute,0
conceal,1.572249007,Other,-1
elegance,1.572249007,Attribute,0
ballz,1.572249007,Label,-1
numerical,1.572249007,Other,0
goddess,1.562679556,Body,1
blouse,1.556744821,Clothing,0
interjection,1.556744821,Other,0
succubus,1.531427013,Label,-1
heroine,1.531427013,Attribute,1
aunty,1.531427013,Family,0
equipped,1.531427013,Attribute,0
progressiveness,1.531427013,Belief,0
dependency,1.531427013,Other,0
congresswoman,1.519004493,Profession,0
hag,1.516159541,Label,-1
fuckable,1.511624385,Body,-1
frumpy,1.503256136,Body,-1
racy,1.482636849,Clothing,-1
ovary,1.482636849,Body,0
smokey,1.482636849,Other,0
crone,1.482636849,Body,-1
dyke,1.482636849,Label,-1
suffragette,1.482636849,Belief,1
businesswoman,1.482636849,Profession,0
42nd,1.482636849,Other,-1
radiant,1.482636849,Attribute,1
charmed,1.482636849,Attribute,0
mediator,1.482636849,Attribute,0
throatedly,1.482636849,Attribute,-1
regal,1.482636849,Attribute,0
skincare,1.482636849,Body,0
biatch,1.482636849,Label,-1
wonkiness,1.482636849,Other,-1
finely,1.482636849,Attribute,0
statesperson,1.482636849,Attribute,0
memelord,1.482636849,Label,-1
stepmother,1.454465972,Family,0
peopel,1.454465972,Other,0
dementor,1.454465972,Label,-1
cackle,1.454465972,Attribute,-1
shrew,1.454465972,Label,-1
mudslinging,1.454465972,Attribute,-1
skeletor,1.454465972,Body,-1
jewelry,1.454465972,Clothing,0
stepmom,1.454465972,Family,0
monstrously,1.454465972,Other,-1
homewrecker,1.454465972,Label,-1
palestine,1.454465972,Other,0
bossy,1.454465972,Attribute,-1
tremor,1.454465972,Body,-1
stepford,1.454465972,Label,-1
bangable,1.454465972,Body,-1
fugly,1.444415636,Label,-1
supermodel,1.436116833,Body,-1
antivax,1.436116833,Belief,-1
campaign-,1.436116833,Other,0
poised,1.436116833,Attribute,0
headscarf,1.436116833,Clothing,-1
spokeswoman,1.433188573,Profession,0
horseface,1.423213428,Body,-1
hottie,1.423213428,Body,-1
sow,1.413643977,Label,-1
ditzy,1.413643977,Attribute,-1
yesrep,1.395625472,Other,-1
usurping,1.349105456,Profession,-1
gmo,1.349105456,Other,0
inescapable,1.349105456,Attribute,-1
flashlight,1.349105456,Other,0
qualify,1.349105456,Other,0
parkinson,1.349105456,Body,-1
detectable,1.349105456,Other,0
pizzeria,1.349105456,Other,0
grannie,1.349105456,Family,0
hom,1.349105456,Other,0
authortarian,1.349105456,Belief,-1
fairweather,1.349105456,Attribute,0
peen,1.349105456,Body,-1
sourpuss,1.349105456,Attribute,-1
