Word,Handcoded_Sentiment,Handcoded_Senses
bossy,-1,Attribute
mogul,-1,Profession
priest,1,Profession
kiddie,-1,Euphemism
wanker,-1,Euphemism
btch,-1,Euphemism
errand,0,Other
clitoris,0,Body
sleaze,-1,Euphemism
undisclosed,-1,Other
headscarf,-1,Clothing
grim,-1,Attribute
memelord,-1,Euphemism
misandrist,-1,Attribute
philosophical,0,Attribute
housewife,-1,Profession
bangable,-1,Body
apprehension,0,Other
businesswoman,0,Profession
peopel,0,Other
brunette,0,Body
henchman,-1,Profession
clit,-1,Body
nosedive,-1,Other
fuckhead,-1,Euphemism
palestine,0,Other
usd,0,Other
mediator,0,Attribute
subway,0,Other
ballz,-1,Euphemism
plausibly,0,Other
aunty,0,Family
slimeball,-1,Euphemism
conceal,-1,Other
statesperson,0,Attribute
cackle,-1,Attribute
diddler,-1,Euphemism
cure,1,Other
fella,0,Euphemism
unchecked,-1,Attribute
crone,-1,Body
monstrously,-1,Other
ovary,0,Body
worm,-1,Other
lawful,1,Ideal
dementor,-1,Euphemism
fanboy,0,Euphemism
chairwoman,0,Profession
douchebag,-1,Euphemism
smokey,0,Other
tremor,-1,Body
jewelry,0,Clothing
numerical,0,Other
cleavage,0,Body
prick,-1,Euphemism
erection,0,Body
biatch,-1,Euphemism
sow,-1,Euphemism
finely,0,Attribute
shrew,-1,Euphemism
shitbird,-1,Euphemism
secular,0,Ideal
succubus,-1,Euphemism
sleazeball,-1,Euphemism
congressman,0,Profession
mudslinging,-1,Attribute
homewrecker,-1,Euphemism
offshore,-1,Other
racy,-1,Clothing
interjection,0,Other
skeletor,-1,Body
clickbait,-1,Other
crypto,0,Other
sovereign,1,Other
skank,-1,Euphemism
urgent,0,Other
skincare,0,Body
frumpy,-1,Body
handbag,0,Clothing
obedient,-1,Attribute
spokeswoman,0,Profession
douche,-1,Euphemism
wimp,-1,Euphemism
federalist,0,Ideal
regal,0,Attribute
chem,1,Other
monarch,0,Profession
expendable,0,Attribute
metal,0,Other
heroine,1,Attribute
meddling,-1,Attribute
businessman,0,Profession
biblical,0,Attribute
imperialism,-1,Ideal
domain,0,Other
stepmom,0,Family
republic,0,Ideal
asswipe,-1,Euphemism
wench,-1,Euphemism
passage,0,Other
radiant,1,Attribute
catnip,-1,Other
ditzy,-1,Attribute
kisser,-1,Attribute
horde,-1,Other
meritocracy,1,Ideal
goddess,1,Body
criminality,-1,Attribute
jazz,0,Other
glitter,0,Other
throatedly,-1,Attribute
harpy,-1,Euphemism
lowlife,-1,Euphemism
truck,0,Other
peen,-1,Body
bony,-1,Body
antivax,-1,Ideal
chairman,0,Profession
stepford,-1,Euphemism
ping,0,Other
madman,-1,Attribute
utopia,1,Ideal
dyke,-1,Euphemism
bluster,-1,Attribute
bootstrap,0,Other
gatekeeper,0,Attribute
hottie,-1,Body
lad,-1,Euphemism
prince,0,Profession
bloke,0,Euphemism
yesrep,-1,Other
goof,-1,Euphemism
facelift,0,Body
congresswoman,0,Profession
blouse,0,Clothing
ruler,0,Profession
founder,0,Profession
excess,0,Other
headshot,-1,Other
ukraine,0,Other
hind,-1,Body
testicle,0,Body
pronouncement,0,Other
culprit,-1,Other
constitutionalist,0,Ideal
palace,0,Other
hereby,0,Other
overhaul,0,Other
brooch,0,Clothing
affect,-1,Other
pantsuit,0,Clothing
poised,0,Attribute
envoy,0,Profession
horseface,-1,Body
matriarch,0,Family
informant,0,Other
alley,0,Other
hubby,0,Family
driven,0,Attribute
fuckable,-1,Body
chancellor,0,Profession
charmed,0,Attribute
onwards,0,Other
manifestation,0,Other
turkish,0,Other
punchable,-1,Body
insurer,0,Profession
mafia,-1,Other
wonkiness,-1,Other
dickhead,-1,Euphemism
christ,0,Other
progressiveness,0,Ideal
42nd,-1,Other
stepmother,0,Family
suffragette,1,Ideal
flunkie,-1,Profession
menopausal,-1,Attribute
discovery,1,Other
locker,0,Other
equipped,0,Attribute
cheekbone,0,Body
nationalistic,-1,Ideal
longstanding,0,Other
dependency,0,Other
scarf,0,Clothing
chode,-1,Euphemism
campaign-,0,Other
boogeywoman,-1,Euphemism
elegance,0,Attribute
childless,0,Family
rain,0,Other
behest,0,Other
stunned,0,Attribute
fugly,-1,Euphemism
inflation,-1,Other
soy,0,Other
hag,-1,Euphemism
jock,-1,Euphemism
supermodel,-1,Body
clique,-1,Other
